{
	"test":1,
	"Problem":{
		"print_parameter": true,
    "battery_variables":["Lithium","Lithium_cation","Electrode_potential","Electrolyte_potential","Diffuse_interface","Displacement"],
		"external_mesh": true,
    "current_increment": 0,
    "current_time": 0,
    "dt": 2,
    "output_directory": "output/",
		"snapshot_directory": "snapshot/",
		"save_snapshot":true,
		"save_output":true,
    "totalTime": 36000,
    "volume_quadrature": 2,
		"face_quadrature": 2
	},
  "Geometry": {
      "num_elem_x": 100,
      "num_elem_y": 100,
      "num_elem_z": 1,
      "x_min": 0,
      "y_min": 0,
      "x_max": 100,
      "y_max": 100,
      "z_max": 0,
      "z_min": 1
  },
	"ElectroChemo":{
		"applied_current":30,
		"particle_R":10,
		"interface_bandwitdh":0.05,
		"flip_time":30000,
		"D_li_neg":0.5,
		"D_li_pos":0.5,
		"D_li_plus":0.005,
		"V_li_neg":0e-21,
		"V_li_pos":0e-21,
		"V_li_plus":0e-21,
    "V_reaction_jn":0e-21,
    "cod_max":0.1,
    "cod_coef_C0":150,
		"jn_react":-0.0001,
		"sigma_s_neg":1.5e8,
		"sigma_s_pos":0.5e8,
		"c_li_max_neg":28.7e-3,
		"c_li_max_pos":37.5e-3,
		"c_li_100_neg":0.915,
		"c_li_100_pos":0.022,
		"c_li_0_neg":0.02,
		"c_li_0_pos":0.98,
		"C_li_plus_0":1.0e-3,
		"phi_s_0_neg":1,
		"phi_s_0_pos":1,
		"phi_e_0":1,
		"T_0":298,
		"iso_value":-0.5,
		"separator_line":18,
		"neg_electrode_line":9.95,
		"pos_electrode_line":26,
    "Origin list" : {"value": 
[[91.33265636246401,83.12639759964311,6.03782265749179,9.119985657324031,165.94293212890625],
[39.77844472581274,83.90606021698056,5.6146456961897195,13.141298202543936,148.33963012695312],
[74.22275653041027,79.63355827697637,7.918184686759612,8.680284320736114,90.03501892089844],
[55.518029152546184,77.71406118791987,7.224442084782869,9.72930849628119,0.0],
[93.15999739458373,58.268793439224446,5.033321710099643,9.978465338357351,179.993896484375],
[72.31995331806321,56.884917920015596,9.51857392938947,13.517280915419565,89.99327087402344],
[48.12683574068798,57.87241637363544,7.825242992554882,11.630981211012475,21.678691864013672],
[41.23116930707174,36.02305758251109,7.2212973391483475,11.669271692433421,118.61995697021484],
[93.05777229411588,33.030914482365645,5.542853240088172,11.358532749988754,0.0],
[79.61219011478826,31.650840481046064,5.309965239834191,13.362823017728077,9.750527381896973],
[61.4044072303113,27.06811359427483,10.32197333572007,11.880378942800803,140.55845642089844],
[90.24108769568738,12.083485579536424,6.538401363907299,8.731259951893518,90.00374603271484],
[70.93323691106346,10.94161562635894,5.065029825221554,6.780504310886141,179.9897918701172],
[42.407689305047384,13.225464628662579,8.634484523546215,10.162623692840166,0.0]]
        ,"unit":"-"},
    "orientation":0
	},
	"Lithium_phaseField":{
		"kappa":0.5,
		"c_alpha":0.02,
		"c_beta":0.001,
		"omega":0.25
	},
	"Mechanics":{
		"youngs_modulus_particle":77,
		"youngs_modulus_electrolyte":20,
		"poisson_ratio":0.3,
		"lithium_a":0.01,
		"lithium_b":0.3,
		"EnableWeak":0,
    "Feiga_11" : 1,
    "Feiga_22" : 1,
    "Feiga_33" : 1,
    "Feigb_11" : 0.9,
    "Feigb_22" : 0.9,
    "Feigb_33" : 0.9,
    "electrolyte_id" : 0,
    "active_particle_id" : 1,
    "li_metal_id" : 3,
    "SwellRatioAnode" : 0.5,
    "SwellRatioCathode" : -1.5,
    "MaximumStressN" : 100.0,
    "MaximumStressM" : 100.0,
    "LinearSoftenModulusN" : -1,
    "LinearSoftenModulusM" : -1
	},
  "boundary_conditions": {
		"u_x" : {
	    "x_min" : {
				"type" : "Dirichlet",
				"value" :0.0
	    	}
		},
		"u_y" : {
	    "y_min" : {
				"type" : "Dirichlet",
				"value" : 0.0
	    }
		}
  },
	"Nonlinear_solver":{
		"max_iterations": 200,
		"absolute_norm_tolerance": 1e-5
	}
}
